,precision,recall,f1-score,support
Business,0.8774264245460238,0.8785266457680251,0.8779761904761905,6380.0
Sci/Tech,0.8864278982092366,0.8844827586206897,0.8854542601600502,6380.0
Sports,0.9524904214559387,0.9741379310344828,0.9631925610228593,6380.0
World,0.9179618650857234,0.897962382445141,0.9078519927105617,6380.0
accuracy,0.9087774294670846,0.9087774294670846,0.9087774294670846,0.9087774294670846
macro avg,0.9085766523242307,0.9087774294670846,0.9086187510924155,25520.0
weighted avg,0.9085766523242306,0.9087774294670846,0.9086187510924154,25520.0
