{
    "accuracy": 0.9087774294670846,
    "precision_weighted": 0.9085766523242306,
    "recall_weighted": 0.9087774294670846,
    "f1_weighted": 0.9086187510924154
}