{
    "accuracy": 0.9970484061393152,
    "precision_weighted": 0.9970755316786317,
    "recall_weighted": 0.9970484061393152,
    "f1_weighted": 0.9970508237859942
}